type,power,tht,az,zen,sunid,eta1,eta2,eta3,a1,a2,a3
1,828,196,70.425,76.8492,0,0.3714,0.5106,0.2695,491080,346874,682816
1,828,196,85.3915,52.8545,1,0.4819,0.5833,0.3857,495453,405146,620171
1,828,196,105.5788,28.4391,2,0.5196,0.5767,0.4667,503628,455052,562090
1,828,196,180.000005,11.4294,3,0.5343,0.5321,0.5327,507050,506385,507335
1,828,196,254.415,28.4343,4,0.5201,0.4682,0.5666,505719,555245,459805
1,828,196,274.6048,52.8492,5,0.4817,0.3802,0.5812,494312,616939,409518
1,828,196,289.571,76.8447,6,0.3789,0.2648,0.5342,489274,682246,349250
1,828,196,76.173,80.5559,7,0.3367,0.4552,0.2352,481479,347634,691657
1,828,196,92.6509,56.1569,8,0.4949,0.5881,0.386,488038,405621,627111
1,828,196,116.5394,32.3797,9,0.5298,0.5766,0.4729,501632,457904,561234
1,828,196,180.000005,18.2432,10,0.5451,0.5409,0.539,504864,506099,509807
1,828,196,243.393,32.407,11,0.5345,0.4692,0.5824,499730,561519,459520
1,828,196,267.2524,56.2034,12,0.4867,0.3779,0.5902,488418,624449,407902
1,828,196,283.709,80.6307,13,0.3416,0.2327,0.4664,481574,687664,351532
1,828,196,98.8891,59.5785,14,0.502,0.5969,0.3843,486422,405051,629297
1,828,196,124.6163,36.7119,15,0.5469,0.5816,0.4762,496023,461801,562945
1,828,196,180.000005,24.546,16,0.5593,0.5451,0.544,498495,510282,511993
1,828,196,235.3146,36.7534,17,0.5402,0.4775,0.5829,495928,561900,462942
1,828,196,260.9989,59.6425,18,0.5006,0.3763,0.5988,482334,630533,407902
1,828,196,104.9787,63.4725,19,0.5146,0.5947,0.385,479768,406001,635001
1,828,196,131.4383,41.7413,20,0.5517,0.586,0.4836,491840,463132,565797
1,828,196,180.000005,31.1691,21,0.565,0.5504,0.5463,497734,510282,512754
1,828,196,228.4937,41.7875,22,0.5532,0.4811,0.5887,494407,563516,462847
1,828,196,254.9035,63.5441,23,0.5153,0.3798,0.6053,479578,631293,409899
1,828,196,110.3156,67.3367,24,0.517,0.5886,0.3833,476536,408473,635761
1,828,196,136.6854,46.7518,25,0.5618,0.5902,0.4835,490890,463988,565892
1,828,196,179.96573,37.3717,26,0.5732,0.5563,0.5479,496213,509902,514655
1,828,196,223.2577,46.8026,27,0.5618,0.478,0.5888,489749,563231,467790
1,828,196,249.5732,67.415,28,0.5197,0.3778,0.6035,476251,634430,410089
1,828,196,115.8588,71.7842,29,0.5081,0.5787,0.3789,476821,411039,632909
1,828,196,141.5371,52.5042,30,0.5628,0.5886,0.4807,486422,465509,568839
1,828,196,179.97203,44.2045,31,0.5811,0.5527,0.5537,491650,511898,517221
1,828,196,218.4204,52.5555,32,0.5676,0.4844,0.5932,488989,565417,466364
1,828,196,244.0448,71.8635,33,0.5112,0.3734,0.5868,474444,631674,414652
1,828,196,121.0339,76.3037,34,0.4745,0.5327,0.3674,477201,419215,624354
1,828,196,145.6153,58.3232,35,0.5717,0.588,0.4917,486612,467315,566843
1,828,196,180.000005,50.9155,36,0.5863,0.555,0.5563,488799,514750,517221
1,828,196,214.3497,58.3627,37,0.5728,0.4881,0.5932,486327,565417,469026
1,828,196,238.8858,76.3673,38,0.4821,0.3613,0.5518,477391,623499,419880
1,828,196,126.541,81.4167,39,0.3901,0.4245,0.3121,481859,432333,606578
1,828,196,149.5643,64.8729,40,0.5697,0.5835,0.4838,486897,467980,565892
1,828,196,180.000005,58.3033,41,0.5851,0.5537,0.5546,489939,514750,516081
1,828,196,210.4317,64.8717,42,0.5647,0.486,0.5828,484521,564942,471307
1,828,196,233.4556,81.4148,43,0.3935,0.3042,0.4364,482715,603536,434519
1,828,294,70.425,76.8492,0,0.3859,0.4902,0.32,427390,329763,521784
1,828,294,85.3915,52.8545,1,0.5563,0.668,0.4802,426249,353718,498970
1,828,294,105.5788,28.4391,2,0.6151,0.6759,0.5759,430146,389651,459140
1,828,294,180.000005,11.4294,3,0.6337,0.643,0.6413,431002,422637,425298
1,828,294,254.415,28.4343,4,0.6123,0.5741,0.6733,430907,456288,391742
1,828,294,274.6048,52.8492,5,0.5558,0.4756,0.6732,427770,496593,354574
1,828,294,289.571,76.8447,6,0.3917,0.316,0.5064,427485,522735,328717
1,828,294,76.173,80.5559,7,0.3086,0.378,0.2672,430432,344783,503723
1,828,294,92.6509,56.1569,8,0.5683,0.6773,0.4801,423492,351722,503723
1,828,294,116.5394,32.3797,9,0.6252,0.6848,0.5822,428530,390126,460281
1,828,294,180.000005,18.2432,10,0.6444,0.6499,0.6489,429196,423873,425869
1,828,294,243.393,32.407,11,0.6236,0.5793,0.6826,428435,458379,392122
1,828,294,267.2524,56.2034,12,0.5678,0.4731,0.6816,422637,502392,353908
1,828,294,283.709,80.6307,13,0.311,0.2651,0.3862,431002,500966,346969
1,828,294,98.8891,59.5785,14,0.5772,0.6811,0.4759,417504,352197,509236
1,828,294,124.6163,36.7119,15,0.6331,0.6918,0.586,427200,390221,461516
1,828,294,180.000005,24.546,16,0.6545,0.6565,0.6535,427295,424063,427580
1,828,294,235.3146,36.7534,17,0.6327,0.5823,0.6903,426819,460376,391742
1,828,294,260.9989,59.6425,18,0.5748,0.4743,0.689,420545,504674,353718
1,828,294,104.9787,63.4725,19,0.5814,0.6845,0.4778,417504,351627,509807
1,828,294,131.4383,41.7413,20,0.6401,0.6962,0.5865,425203,390031,463703
1,828,294,180.000005,31.1691,21,0.6581,0.6612,0.6607,427960,424443,426534
1,828,294,228.4937,41.7875,22,0.6432,0.5854,0.6926,423873,461421,393643
1,828,294,254.9035,63.5441,23,0.5843,0.4724,0.6927,416933,508191,353813
1,828,294,110.3156,67.3367,24,0.575,0.6684,0.4676,415697,353148,510092
1,828,294,136.6854,46.7518,25,0.6482,0.6978,0.5885,423397,390697,464843
1,828,294,179.96573,37.3717,26,0.666,0.6632,0.6612,425774,425298,427865
1,828,294,223.2577,46.8026,27,0.6454,0.5858,0.6989,423397,462752,392788
1,828,294,249.5732,67.415,28,0.5774,0.4625,0.6805,415983,508381,354574
1,828,294,115.8588,71.7842,29,0.551,0.6249,0.4462,412751,359422,506765
1,828,294,141.5371,52.5042,30,0.6495,0.6926,0.5898,421496,393073,464368
1,828,294,179.97203,44.2045,31,0.6677,0.6637,0.6626,424253,426059,428626
1,828,294,218.4204,52.5555,32,0.6525,0.5851,0.6972,420070,464083,394784
1,828,294,244.0448,71.8635,33,0.553,0.4428,0.6346,413511,503628,361798
1,828,294,121.0339,76.3037,34,0.4954,0.5442,0.4077,413036,369213,496688
1,828,294,145.6153,58.3232,35,0.6518,0.6902,0.5872,419310,393168,466459
1,828,294,180.000005,50.9155,36,0.6704,0.6613,0.6597,422637,426629,429671
1,828,294,214.3497,58.3627,37,0.6551,0.584,0.6961,419310,464178,395450
1,828,294,238.8858,76.3673,38,0.4956,0.4009,0.556,413036,495928,369974
1,828,294,126.541,81.4167,39,0.3412,0.3404,0.305,414176,404765,459995
1,828,294,149.5643,64.8729,40,0.6447,0.6724,0.5809,419310,395164,464463
1,828,294,180.000005,58.3033,41,0.6683,0.6558,0.6588,423017,426724,429196
1,828,294,210.4317,64.8717,42,0.6427,0.5786,0.6814,420736,460756,397446
1,828,294,233.4556,81.4148,43,0.343,0.2999,0.3509,415412,458379,405146
1,828,245,70.425,76.8492,0,0.3865,0.5188,0.3014,448113,326816,581957
1,828,245,85.3915,52.8545,1,0.5328,0.6474,0.4422,446687,367217,542983
1,828,245,105.5788,28.4391,2,0.5851,0.6406,0.5372,454102,410279,492506
1,828,245,180.000005,11.4294,3,0.5974,0.6038,0.6034,456098,449158,451630
1,828,245,254.415,28.4343,4,0.5851,0.5322,0.6384,452200,491840,412846
1,828,245,274.6048,52.8492,5,0.5328,0.4368,0.6418,448683,539275,368928
1,828,245,289.571,76.8447,6,0.3922,0.2983,0.5332,449063,579391,328432
1,828,245,76.173,80.5559,7,0.3267,0.4267,0.2572,446687,335467,574733
1,828,245,92.6509,56.1569,8,0.5467,0.6553,0.4411,442219,365981,548686
1,828,245,116.5394,32.3797,9,0.5971,0.6473,0.5424,451155,411610,494122
1,828,245,180.000005,18.2432,10,0.6108,0.6087,0.612,452771,452010,452105
1,828,245,243.393,32.407,11,0.5902,0.5401,0.6463,454007,490890,411990
1,828,245,267.2524,56.2034,12,0.5396,0.4355,0.6559,443455,545835,367597
1,828,245,283.709,80.6307,13,0.3308,0.2546,0.4367,448493,570360,338033
1,828,245,98.8891,59.5785,14,0.5537,0.6541,0.4413,438607,366266,552013
1,828,245,124.6163,36.7119,15,0.6046,0.6586,0.5446,449919,410184,496784
1,828,245,180.000005,24.546,16,0.6212,0.6159,0.6138,450299,452200,454387
1,828,245,235.3146,36.7534,17,0.6044,0.5405,0.657,449158,494882,412846
1,828,245,260.9989,59.6425,18,0.5505,0.4351,0.6612,439272,549732,367882
1,828,245,104.9787,63.4725,19,0.5644,0.6567,0.4423,433188,367787,555911
1,828,245,131.4383,41.7413,20,0.6147,0.6612,0.5489,447162,411705,498019
1,828,245,180.000005,31.1691,21,0.631,0.6203,0.6198,448493,453056,455337
1,828,245,228.4937,41.7875,22,0.6064,0.5457,0.662,447067,496023,413796
1,828,245,254.9035,63.5441,23,0.5621,0.4346,0.671,436420,553629,366837
1,828,245,110.3156,67.3367,24,0.5568,0.6509,0.4386,434804,367977,554105
1,828,245,136.6854,46.7518,25,0.6163,0.6585,0.5487,443170,413416,500301
1,828,245,179.96573,37.3717,26,0.6364,0.6244,0.6221,448018,454102,454767
1,828,245,223.2577,46.8026,27,0.6106,0.5488,0.6641,445926,495453,415507
1,828,245,249.5732,67.415,28,0.5604,0.4285,0.6628,434424,553439,369023
1,828,245,115.8588,71.7842,29,0.5432,0.6188,0.4249,432903,372540,551443
1,828,245,141.5371,52.5042,30,0.6272,0.6572,0.5503,442504,414937,499445
1,828,245,179.97203,44.2045,31,0.6377,0.6224,0.6237,444881,453816,458189
1,828,245,218.4204,52.5555,32,0.6223,0.551,0.6636,442980,496593,417313
1,828,245,244.0448,71.8635,33,0.5478,0.4148,0.6331,431858,551158,373871
1,828,245,121.0339,76.3037,34,0.5002,0.5511,0.3946,432428,382141,542317
1,828,245,145.6153,58.3232,35,0.6242,0.6611,0.553,441554,415507,499825
1,828,245,180.000005,50.9155,36,0.6452,0.6209,0.6258,444596,455052,457239
1,828,245,214.3497,58.3627,37,0.6282,0.5492,0.6659,441078,497639,418169
1,828,245,238.8858,76.3673,38,0.5073,0.3893,0.5665,429386,541272,386229
1,828,245,126.541,81.4167,39,0.3734,0.3888,0.3145,435470,409328,512088
1,828,245,149.5643,64.8729,40,0.6204,0.6431,0.5424,440603,417028,499255
1,828,245,180.000005,58.3033,41,0.6451,0.6199,0.6177,442409,456288,458189
1,828,245,210.4317,64.8717,42,0.6227,0.5431,0.6538,440128,496213,420545
1,828,245,233.4556,81.4148,43,0.3802,0.3086,0.3955,432333,512468,412085
1,66.8,60,70.425,76.8492,0,0.4113,0.551,0.3161,34827,25321,45435
1,66.8,60,85.3915,52.8545,1,0.55,0.6535,0.4627,35044,29038,41500
1,66.8,60,105.5788,28.4391,2,0.6039,0.6543,0.5554,35362,32165,38055
1,66.8,60,180.000005,11.4294,3,0.6154,0.6235,0.623,35580,34920,35083
1,66.8,60,254.415,28.4343,4,0.6034,0.5491,0.6531,35277,38063,32243
1,66.8,60,274.6048,52.8492,5,0.5495,0.4538,0.6577,34889,41563,29131
1,66.8,60,289.571,76.8447,6,0.4208,0.3113,0.565,34509,45528,25546
1,66.8,60,76.173,80.5559,7,0.3663,0.4712,0.2765,34291,25872,45419
1,66.8,60,92.6509,56.1569,8,0.5649,0.6686,0.4619,34625,28813,42145
1,66.8,60,116.5394,32.3797,9,0.6126,0.6718,0.5597,35052,32243,38288
1,66.8,60,180.000005,18.2432,10,0.6296,0.6327,0.6329,35362,35036,35184
1,66.8,60,243.393,32.407,11,0.6121,0.558,0.6731,35324,38047,32212
1,66.8,60,267.2524,56.2034,12,0.562,0.4554,0.6735,34695,41881,29007
1,66.8,60,283.709,80.6307,13,0.3704,0.2735,0.4829,34121,45303,26159
1,66.8,60,98.8891,59.5785,14,0.5675,0.6725,0.4677,34493,28844,42245
1,66.8,60,124.6163,36.7119,15,0.6204,0.672,0.5735,35036,32243,38303
1,66.8,60,180.000005,24.546,16,0.6392,0.6383,0.642,35261,35130,35192
1,66.8,60,235.3146,36.7534,17,0.6287,0.5708,0.6727,34936,38179,32468
1,66.8,60,260.9989,59.6425,18,0.5698,0.4574,0.6807,34462,42168,28953
1,66.8,60,104.9787,63.4725,19,0.594,0.6842,0.4644,33733,29030,42820
1,66.8,60,131.4383,41.7413,20,0.6377,0.6795,0.579,34943,32243,38396
1,66.8,60,180.000005,31.1691,21,0.6518,0.6434,0.6446,35052,35192,35339
1,66.8,60,228.4937,41.7875,22,0.6382,0.5725,0.6767,34819,38257,32507
1,66.8,60,254.9035,63.5441,23,0.5864,0.4595,0.6926,33981,42579,29022
1,66.8,60,110.3156,67.3367,24,0.5835,0.6734,0.4601,33702,29116,42765
1,66.8,60,136.6854,46.7518,25,0.6477,0.6883,0.5831,34726,32429,38428
1,66.8,60,179.96573,37.3717,26,0.6571,0.6456,0.6497,35106,35176,35300
1,66.8,60,223.2577,46.8026,27,0.6376,0.5801,0.6871,34749,38280,32553
1,66.8,60,249.5732,67.415,28,0.5925,0.4587,0.6884,33934,42470,29178
1,66.8,60,115.8588,71.7842,29,0.578,0.6532,0.4514,33934,29240,42408
1,66.8,60,141.5371,52.5042,30,0.6473,0.6857,0.5731,34509,32460,38614
1,66.8,60,179.97203,44.2045,31,0.6678,0.6472,0.6471,34842,35285,35455
1,66.8,60,218.4204,52.5555,32,0.6504,0.5759,0.6911,34703,38226,32654
1,66.8,60,244.0448,71.8635,33,0.5748,0.4548,0.6702,33981,42276,29325
1,66.8,60,121.0339,76.3037,34,0.5407,0.6045,0.44,33942,29767,41873
1,66.8,60,145.6153,58.3232,35,0.6608,0.6838,0.5816,34268,32677,38637
1,66.8,60,180.000005,50.9155,36,0.6732,0.6594,0.6546,34687,35362,35533
1,66.8,60,214.3497,58.3627,37,0.6533,0.5859,0.6939,34470,38451,32662
1,66.8,60,238.8858,76.3673,38,0.5428,0.423,0.6173,33934,41733,29915
1,66.8,60,126.541,81.4167,39,0.4298,0.4531,0.3623,34113,31412,40057
1,66.8,60,149.5643,64.8729,40,0.643,0.6726,0.5887,34641,32514,38428
1,66.8,60,180.000005,58.3033,41,0.6773,0.6564,0.6588,34516,35448,35618
1,66.8,60,210.4317,64.8717,42,0.6558,0.5856,0.6866,34516,38257,32809
1,66.8,60,233.4556,81.4148,43,0.4322,0.3586,0.4623,34268,39762,31552
1,66.8,95,70.425,76.8492,0,0.4033,0.4814,0.3582,31405,25880,35657
1,66.8,95,85.3915,52.8545,1,0.6071,0.702,0.5555,31335,27090,34516
1,66.8,95,105.5788,28.4391,2,0.6765,0.7334,0.6555,31490,29007,32445
1,66.8,95,180.000005,11.4294,3,0.7024,0.7157,0.715,31412,30699,30830
1,66.8,95,254.415,28.4343,4,0.6757,0.6566,0.7332,31529,32336,29077
1,66.8,95,274.6048,52.8492,5,0.614,0.5562,0.7062,31412,34330,27199
1,66.8,95,289.571,76.8447,6,0.413,0.3616,0.4917,31319,35525,26097
1,66.8,95,76.173,80.5559,7,0.3141,0.3585,0.2928,31591,27245,34105
1,66.8,95,92.6509,56.1569,8,0.627,0.7123,0.5537,30986,27036,34920
1,66.8,95,116.5394,32.3797,9,0.6929,0.7419,0.6614,31164,29123,32654
1,66.8,95,180.000005,18.2432,10,0.7113,0.7274,0.7256,31459,30668,30815
1,66.8,95,243.393,32.407,11,0.686,0.6662,0.7426,31467,32328,29147
1,66.8,95,267.2524,56.2034,12,0.6244,0.5561,0.7192,31195,34625,27121
1,66.8,95,283.709,80.6307,13,0.3173,0.2938,0.3658,31661,33888,27393
1,66.8,95,98.8891,59.5785,14,0.6307,0.723,0.5545,30970,26834,35137
1,66.8,95,124.6163,36.7119,15,0.6977,0.7513,0.6698,31374,29015,32553
1,66.8,95,180.000005,24.546,16,0.7202,0.7357,0.732,31420,30660,30862
1,66.8,95,235.3146,36.7534,17,0.6958,0.6717,0.753,31529,32351,29061
1,66.8,95,260.9989,59.6425,18,0.6286,0.5612,0.7284,31180,34695,27067
1,66.8,95,104.9787,63.4725,19,0.6351,0.7293,0.5562,30924,26811,35207
1,66.8,95,131.4383,41.7413,20,0.6997,0.7603,0.6742,31374,28945,32623
1,66.8,95,180.000005,31.1691,21,0.7261,0.7407,0.7384,31405,30683,30854
1,66.8,95,228.4937,41.7875,22,0.7006,0.6761,0.7581,31405,32429,29108
1,66.8,95,254.9035,63.5441,23,0.6356,0.5622,0.7358,31234,34757,26950
1,66.8,95,110.3156,67.3367,24,0.6217,0.7102,0.5403,30869,26850,35223
1,66.8,95,136.6854,46.7518,25,0.7099,0.7655,0.6772,31343,28929,32670
1,66.8,95,179.96573,37.3717,26,0.7295,0.7463,0.743,31444,30660,30838
1,66.8,95,223.2577,46.8026,27,0.7081,0.6783,0.7649,31397,32476,29069
1,66.8,95,249.5732,67.415,28,0.621,0.5484,0.7187,31226,34687,27028
1,66.8,95,115.8588,71.7842,29,0.5852,0.6591,0.5162,30955,27160,34827
1,66.8,95,141.5371,52.5042,30,0.7091,0.7646,0.677,31218,28991,32732
1,66.8,95,179.97203,44.2045,31,0.7402,0.7504,0.7453,31343,30644,30955
1,66.8,95,218.4204,52.5555,32,0.7114,0.6838,0.764,31343,32390,29209
1,66.8,95,244.0448,71.8635,33,0.5878,0.5147,0.6729,31032,34625,27284
1,66.8,95,121.0339,76.3037,34,0.5149,0.5704,0.4598,30947,27641,34354
1,66.8,95,145.6153,58.3232,35,0.7139,0.7641,0.6761,31156,28953,32833
1,66.8,95,180.000005,50.9155,36,0.7341,0.7467,0.7441,31288,30683,30970
1,66.8,95,214.3497,58.3627,37,0.7141,0.6838,0.7667,31350,32382,29209
1,66.8,95,238.8858,76.3673,38,0.5149,0.4593,0.5766,31164,33911,27866
1,66.8,95,126.541,81.4167,39,0.33,0.3313,0.3212,31118,30272,31552
1,66.8,95,149.5643,64.8729,40,0.7032,0.7444,0.668,31187,29100,32654
1,66.8,95,180.000005,58.3033,41,0.7341,0.7427,0.7424,31312,30668,30962
1,66.8,95,210.4317,64.8717,42,0.7021,0.6682,0.7483,31265,32351,29325
1,66.8,95,233.4556,81.4148,43,0.3313,0.3178,0.3442,31374,31513,30054
1,66.8,77,70.425,76.8492,0,0.4111,0.505,0.3476,32685,26012,38629
1,66.8,77,85.3915,52.8545,1,0.5848,0.6719,0.5223,32817,27959,36550
1,66.8,77,105.5788,28.4391,2,0.6496,0.6993,0.6167,32809,30210,34307
1,66.8,77,180.000005,11.4294,3,0.6627,0.6804,0.6786,33011,32041,32274
1,66.8,77,254.415,28.4343,4,0.6387,0.6189,0.7013,33003,34097,30225
1,66.8,77,274.6048,52.8492,5,0.5855,0.5191,0.6866,32809,36402,28114
1,66.8,77,289.571,76.8447,6,0.4154,0.3479,0.5188,32716,38513,26097
1,66.8,77,76.173,80.5559,7,0.3397,0.4019,0.2936,32522,26935,37869
1,66.8,77,92.6509,56.1569,8,0.5968,0.6905,0.5234,32608,27765,36953
1,66.8,77,116.5394,32.3797,9,0.6544,0.7121,0.6236,32778,30202,34346
1,66.8,77,180.000005,18.2432,10,0.6759,0.6909,0.689,32941,32095,32289
1,66.8,77,243.393,32.407,11,0.6592,0.6234,0.7085,32840,34121,30365
1,66.8,77,267.2524,56.2034,12,0.593,0.5217,0.6961,32483,36821,28021
1,66.8,77,283.709,80.6307,13,0.3438,0.2941,0.4118,32608,37512,27207
1,66.8,77,98.8891,59.5785,14,0.6073,0.7031,0.5228,32390,27703,37232
1,66.8,77,124.6163,36.7119,15,0.6712,0.7167,0.6308,32770,30186,34369
1,66.8,77,180.000005,24.546,16,0.6864,0.6995,0.6951,32856,32111,32359
1,66.8,77,235.3146,36.7534,17,0.6676,0.6361,0.7242,32840,34136,30349
1,66.8,77,260.9989,59.6425,18,0.606,0.5274,0.7012,32569,36852,27905
1,66.8,77,104.9787,63.4725,19,0.6116,0.7048,0.5282,32188,27711,37426
1,66.8,77,131.4383,41.7413,20,0.6828,0.734,0.6402,32569,30194,34563
1,66.8,77,180.000005,31.1691,21,0.6911,0.7066,0.7022,32864,32142,32320
1,66.8,77,228.4937,41.7875,22,0.6663,0.6365,0.7307,32809,34113,30404
1,66.8,77,254.9035,63.5441,23,0.6055,0.5248,0.7188,32437,36984,27905
1,66.8,77,110.3156,67.3367,24,0.6105,0.6882,0.5163,31956,27758,37613
1,66.8,77,136.6854,46.7518,25,0.6841,0.7294,0.6459,32716,30140,34470
1,66.8,77,179.96573,37.3717,26,0.7,0.7138,0.7097,32654,32212,32460
1,66.8,77,223.2577,46.8026,27,0.6743,0.6411,0.7248,32701,34206,30419
1,66.8,77,249.5732,67.415,28,0.6076,0.5171,0.7112,32297,37132,27897
1,66.8,77,115.8588,71.7842,29,0.5834,0.6583,0.5017,32157,27913,37256
1,66.8,77,141.5371,52.5042,30,0.6917,0.7295,0.6471,32476,30210,34641
1,66.8,77,179.97203,44.2045,31,0.7119,0.7141,0.7035,32623,32173,32530
1,66.8,77,218.4204,52.5555,32,0.6869,0.6469,0.7431,32522,34416,30388
1,66.8,77,244.0448,71.8635,33,0.5863,0.5016,0.6712,32336,36844,28146
1,66.8,77,121.0339,76.3037,34,0.5356,0.5997,0.4617,32088,28277,36961
1,66.8,77,145.6153,58.3232,35,0.6918,0.7416,0.6437,32382,30155,34788
1,66.8,77,180.000005,50.9155,36,0.7034,0.7095,0.7177,32693,32134,32499
1,66.8,77,214.3497,58.3627,37,0.6942,0.6451,0.7297,32522,34284,30520
1,66.8,77,238.8858,76.3673,38,0.538,0.4581,0.6015,32119,36666,28541
1,66.8,77,126.541,81.4167,39,0.3874,0.4088,0.3497,32258,29752,35316
1,66.8,77,149.5643,64.8729,40,0.6763,0.7266,0.6372,32468,30225,34633
1,66.8,77,180.000005,58.3033,41,0.702,0.7113,0.7182,32592,32235,32499
1,66.8,77,210.4317,64.8717,42,0.6818,0.641,0.7334,32569,34260,30497
1,66.8,77,233.4556,81.4148,43,0.3889,0.3505,0.4164,32514,34672,30140
0,333,115,70.425,76.8492,0,0.4341,0.6001,0.3244,196086,137934,266459
0,333,115,85.3915,52.8545,1,0.5967,0.6547,0.4194,179450,159565,261464
0,333,115,105.5788,28.4391,2,0.6462,0.6108,0.4847,178335,184058,238087
0,333,115,180.000005,11.4294,3,0.6626,0.553,0.5492,177559,210733,212188
0,333,115,254.415,28.4343,4,0.6455,0.4862,0.6059,178432,236632,185416
0,333,115,274.6048,52.8492,5,0.5994,0.4165,0.6525,179159,260785,160535
0,333,115,289.571,76.8447,6,0.4392,0.3203,0.6059,194873,267575,138031
0,333,115,76.173,80.5559,7,0.3791,0.5139,0.2669,189393,136334,274753
0,333,115,92.6509,56.1569,8,0.6239,0.6489,0.3956,169071,158304,273104
0,333,115,116.5394,32.3797,9,0.6635,0.6039,0.4703,172078,184494,243907
0,333,115,180.000005,18.2432,10,0.677,0.5441,0.5401,172369,213352,214758
0,333,115,243.393,32.407,11,0.6629,0.4714,0.5984,172127,242452,185901
0,333,115,267.2524,56.2034,12,0.6272,0.393,0.6472,168635,272570,159274
0,333,115,283.709,80.6307,13,0.3837,0.2621,0.519,188762,276450,135267
0,333,115,98.8891,59.5785,14,0.6465,0.6439,0.3766,160147,157140,283192
0,333,115,124.6163,36.7119,15,0.6776,0.5968,0.4589,166598,184931,248951
0,333,115,180.000005,24.546,16,0.6886,0.5354,0.531,167810,215631,217038
0,333,115,235.3146,36.7534,17,0.677,0.4603,0.5947,166695,247302,186483
0,333,115,260.9989,59.6425,18,0.6512,0.3736,0.6424,159905,282561,158013
0,333,115,104.9787,63.4725,19,0.6631,0.6343,0.3572,152096,155443,292940
0,333,115,131.4383,41.7413,20,0.6907,0.5911,0.4452,161117,185367,253995
0,333,115,180.000005,31.1691,21,0.6994,0.5253,0.5207,163251,217862,219366
0,333,115,228.4937,41.7875,22,0.6917,0.4466,0.5856,161117,252491,186871
0,333,115,254.9035,63.5441,23,0.6676,0.3538,0.6354,151902,292310,156267
0,333,115,110.3156,67.3367,24,0.6632,0.6196,0.3367,146519,153018,300943
0,333,115,136.6854,46.7518,25,0.7024,0.5846,0.4326,156267,185416,258796
0,333,115,179.96573,37.3717,26,0.7088,0.5147,0.5099,159177,219802,221500
0,333,115,223.2577,46.8026,27,0.7035,0.4331,0.5787,156364,257050,187065
0,333,115,249.5732,67.415,28,0.6696,0.3321,0.6222,146034,300894,153551
0,333,115,115.8588,71.7842,29,0.6466,0.5956,0.3114,141814,150011,308654
0,333,115,141.5371,52.5042,30,0.7105,0.5696,0.4177,151466,185319,263695
0,333,115,179.97203,44.2045,31,0.7157,0.5016,0.497,154909,221936,223634
0,333,115,218.4204,52.5555,32,0.7139,0.4184,0.5644,151466,261852,187162
0,333,115,244.0448,71.8635,33,0.6536,0.3057,0.5976,141232,309139,150108
0,333,115,121.0339,76.3037,34,0.595,0.5531,0.2839,141814,147877,310788
0,333,115,145.6153,58.3232,35,0.7152,0.5587,0.402,147052,185125,268302
0,333,115,180.000005,50.9155,36,0.7185,0.4875,0.483,151029,223779,225671
0,333,115,214.3497,58.3627,37,0.7211,0.4025,0.5546,146907,266459,187113
0,333,115,238.8858,76.3673,38,0.5998,0.2784,0.5559,141426,311467,147586
0,333,115,126.541,81.4167,39,0.4307,0.4405,0.2424,157819,149332,293328
0,333,115,149.5643,64.8729,40,0.7147,0.5426,0.3824,142396,185319,272764
0,333,115,180.000005,58.3033,41,0.7198,0.4694,0.4677,146955,226107,227417
0,333,115,210.4317,64.8717,42,0.7202,0.3823,0.537,142396,270727,187356
0,333,115,233.4556,81.4148,43,0.4358,0.2408,0.4455,158353,292552,149574
0,333,172,70.425,76.8492,0,0.4333,0.5681,0.2976,165676,123918,244295
0,333,172,85.3915,52.8545,1,0.6495,0.724,0.4512,160341,140020,233528
0,333,172,105.5788,28.4391,2,0.6852,0.6931,0.5433,165773,160099,208017
0,333,172,180.000005,11.4294,3,0.7008,0.6313,0.6241,166501,182797,184591
0,333,172,254.415,28.4343,4,0.6887,0.5485,0.6832,165385,206077,162427
0,333,172,274.6048,52.8492,5,0.6597,0.452,0.7194,158935,233140,141814
0,333,172,289.571,76.8447,6,0.4437,0.2924,0.5799,163882,247302,122705
0,333,172,76.173,80.5559,7,0.3226,0.4293,0.2306,169556,124209,240124
0,333,172,92.6509,56.1569,8,0.6705,0.7191,0.4314,153212,139001,241676
0,333,172,116.5394,32.3797,9,0.6995,0.6896,0.5317,161505,160293,212091
0,333,172,180.000005,18.2432,10,0.7141,0.6241,0.6177,162766,184688,186434
0,333,172,243.393,32.407,11,0.7036,0.5372,0.6791,161069,210005,162815
0,333,172,267.2524,56.2034,12,0.6803,0.4324,0.7156,152290,240754,140844
0,333,172,283.709,80.6307,13,0.3267,0.2256,0.4424,169508,243034,121347
0,333,172,98.8891,59.5785,14,0.686,0.7121,0.4148,147440,138128,248320
0,333,172,124.6163,36.7119,15,0.7118,0.6848,0.5209,157625,160487,215777
0,333,172,180.000005,24.546,16,0.725,0.6166,0.6106,159468,186434,187986
0,333,172,235.3146,36.7534,17,0.7164,0.5266,0.6731,157237,213497,163154
0,333,172,260.9989,59.6425,18,0.6958,0.4155,0.7117,146858,247156,139874
0,333,172,104.9787,63.4725,19,0.6983,0.7024,0.399,142202,137207,254480
0,333,172,131.4383,41.7413,20,0.7227,0.6783,0.5095,153794,160729,219366
0,333,172,180.000005,31.1691,21,0.7356,0.6077,0.6022,156122,188229,189538
0,333,172,228.4937,41.7875,22,0.7282,0.5151,0.6674,153309,216989,163591
0,333,172,254.9035,63.5441,23,0.7077,0.3978,0.7033,141523,253558,138807
0,333,172,110.3156,67.3367,24,0.6769,0.6767,0.3786,140359,136188,257341
0,333,172,136.6854,46.7518,25,0.7308,0.6702,0.4985,150399,161020,222470
0,333,172,179.96573,37.3717,26,0.7434,0.5981,0.5919,153066,189684,191139
0,333,172,223.2577,46.8026,27,0.7377,0.5049,0.6597,149962,219948,163979
0,333,172,249.5732,67.415,28,0.6864,0.3762,0.6808,139632,256856,137401
0,333,172,115.8588,71.7842,29,0.627,0.6305,0.352,140699,135752,257438
0,333,172,141.5371,52.5042,30,0.7378,0.657,0.4856,146810,161457,225622
0,333,172,179.97203,44.2045,31,0.7496,0.5862,0.5789,149914,191139,192836
0,333,172,218.4204,52.5555,32,0.7449,0.492,0.647,146519,222858,164512
0,333,172,244.0448,71.8635,33,0.6363,0.3497,0.6339,140311,256808,136770
0,333,172,121.0339,76.3037,34,0.5418,0.543,0.3164,143512,138856,251521
0,333,172,145.6153,58.3232,35,0.7404,0.6426,0.4722,143609,162087,228193
0,333,172,180.000005,50.9155,36,0.7522,0.5711,0.5649,147052,192642,194194
0,333,172,214.3497,58.3627,37,0.7478,0.4777,0.6327,143415,225283,165191
0,333,172,238.8858,76.3673,38,0.5478,0.3159,0.548,143997,250066,139826
0,333,172,126.541,81.4167,39,0.3157,0.3513,0.247,168732,145209,219948
0,333,172,149.5643,64.8729,40,0.731,0.6151,0.4508,140456,163057,230375
0,333,172,180.000005,58.3033,41,0.7501,0.5524,0.5481,144045,194291,195552
0,333,172,210.4317,64.8717,42,0.739,0.4545,0.6112,140262,227368,166258
0,333,172,233.4556,81.4148,43,0.3213,0.2476,0.3662,169799,219948,144142
0,333,143,70.425,76.8492,0,0.4574,0.5921,0.2933,163397,124015,260397
0,333,143,85.3915,52.8545,1,0.6317,0.7092,0.4367,163882,142542,241385
0,333,143,105.5788,28.4391,2,0.655,0.678,0.5284,171642,163203,212964
0,333,143,180.000005,11.4294,3,0.6683,0.6158,0.6093,172563,186725,188520
0,333,143,254.415,28.4343,4,0.6595,0.5322,0.6689,170963,211412,165434
0,333,143,274.6048,52.8492,5,0.6422,0.4354,0.7046,162233,241482,144094
0,333,143,289.571,76.8447,6,0.4763,0.2776,0.6008,156898,268933,121978
0,333,143,76.173,80.5559,7,0.3723,0.4735,0.2305,159953,123190,264665
0,333,143,92.6509,56.1569,8,0.6536,0.7056,0.4169,156219,141378,250212
0,333,143,116.5394,32.3797,9,0.6707,0.6762,0.5171,166889,163348,217571
0,333,143,180.000005,18.2432,10,0.6828,0.6088,0.6032,168441,188859,190508
0,333,143,243.393,32.407,11,0.6763,0.5204,0.6663,166016,216019,165773
0,333,143,267.2524,56.2034,12,0.6627,0.4139,0.7017,154812,250260,142736
0,333,143,283.709,80.6307,13,0.3714,0.2172,0.4847,161311,268933,117564
0,333,143,98.8891,59.5785,14,0.6697,0.6989,0.3993,149865,140020,257923
0,333,143,124.6163,36.7119,15,0.6846,0.6726,0.5057,162524,163494,221791
0,333,143,180.000005,24.546,16,0.6947,0.602,0.5968,164803,190799,192206
0,333,143,235.3146,36.7534,17,0.6905,0.5088,0.6622,161699,219996,166113
0,333,143,260.9989,59.6425,18,0.6821,0.3934,0.6977,147731,259136,140941
0,333,143,104.9787,63.4725,19,0.6846,0.6907,0.379,142881,138225,266702
0,333,143,131.4383,41.7413,20,0.6978,0.6658,0.494,158207,163736,225865
0,333,143,180.000005,31.1691,21,0.7059,0.5938,0.5886,161166,192594,194049
0,333,143,228.4937,41.7875,22,0.7037,0.4983,0.6579,157431,223925,166452
0,333,143,254.9035,63.5441,23,0.6908,0.3687,0.6971,141669,268933,137207
0,333,143,110.3156,67.3367,24,0.677,0.6711,0.3561,138565,136140,273104
0,333,143,136.6854,46.7518,25,0.7078,0.6604,0.4839,154376,163979,229454
0,333,143,179.96573,37.3717,26,0.7134,0.5849,0.5792,157916,194243,195649
0,333,143,223.2577,46.8026,27,0.7147,0.4878,0.6508,153648,227368,166792
0,333,143,249.5732,67.415,28,0.6655,0.3511,0.6818,145549,268933,133327
0,333,143,115.8588,71.7842,29,0.6437,0.6342,0.3292,137498,134200,276111
0,333,143,141.5371,52.5042,30,0.7167,0.6466,0.4715,150350,164367,233091
0,333,143,179.97203,44.2045,31,0.7213,0.5733,0.5672,154376,195940,197492
0,333,143,218.4204,52.5555,32,0.7236,0.4759,0.6412,149720,230812,167277
0,333,143,244.0448,71.8635,33,0.6151,0.3274,0.6471,148168,268933,130708
0,333,143,121.0339,76.3037,34,0.5666,0.5685,0.3044,140650,136237,270921
0,333,143,145.6153,58.3232,35,0.7209,0.6369,0.4575,146713,164803,236292
0,333,143,180.000005,50.9155,36,0.7267,0.5586,0.5551,151078,197783,198947
0,333,143,214.3497,58.3627,37,0.7293,0.4613,0.6259,146179,233819,167810
0,333,143,238.8858,76.3673,38,0.5504,0.2991,0.5775,145500,268933,133375
0,333,143,126.541,81.4167,39,0.3731,0.4068,0.2519,160050,142493,245265
0,333,143,149.5643,64.8729,40,0.7177,0.609,0.438,142639,166016,239154
0,333,143,180.000005,58.3033,41,0.7292,0.5387,0.5388,147392,199869,200548
0,333,143,210.4317,64.8717,42,0.7259,0.4398,0.6091,142348,236680,168780
0,333,143,233.4556,81.4148,43,0.3805,0.2526,0.4164,160341,244683,142784
1,333,130,70.425,76.8492,0,0.3926,0.5338,0.2971,182701,131889,243198
1,333,130,85.3915,52.8545,1,0.5169,0.6174,0.4283,182764,152562,222464
1,333,130,105.5788,28.4391,2,0.5689,0.6173,0.5175,183974,170379,203436
1,333,130,180.000005,11.4294,3,0.5858,0.5798,0.581,184998,186054,186737
1,333,130,254.415,28.4343,4,0.5678,0.5144,0.6192,185371,201915,170503
1,333,130,274.6048,52.8492,5,0.5211,0.4207,0.6266,182298,223053,152437
1,333,130,289.571,76.8447,6,0.4012,0.293,0.5539,181801,243292,132696
1,333,130,76.173,80.5559,7,0.3497,0.4586,0.2612,180280,134527,242981
1,333,130,92.6509,56.1569,8,0.5309,0.6241,0.4276,180063,152406,225319
1,333,130,116.5394,32.3797,9,0.5776,0.6216,0.5219,183881,170503,203405
1,333,130,180.000005,18.2432,10,0.5966,0.588,0.5902,184316,186581,186892
1,333,130,243.393,32.407,11,0.581,0.5247,0.6285,184409,202629,170751
1,333,130,267.2524,56.2034,12,0.5347,0.4251,0.6311,180901,223581,153307
1,333,130,283.709,80.6307,13,0.3533,0.258,0.4749,181491,242112,134186
1,333,130,98.8891,59.5785,14,0.5481,0.6365,0.432,178573,152406,226809
1,333,130,124.6163,36.7119,15,0.5944,0.6285,0.5268,183167,170565,204057
1,333,130,180.000005,24.546,16,0.608,0.5939,0.5965,183633,187078,187078
1,333,130,235.3146,36.7534,17,0.5947,0.5275,0.628,182453,204243,171092
1,333,130,260.9989,59.6425,18,0.5501,0.4236,0.6383,178232,226561,152996
1,333,130,104.9787,63.4725,19,0.558,0.6426,0.4351,177673,152406,227709
1,333,130,131.4383,41.7413,20,0.598,0.6415,0.5379,181956,171248,204585
1,333,130,180.000005,31.1691,21,0.6188,0.606,0.604,182764,186830,188196
1,333,130,228.4937,41.7875,22,0.6003,0.529,0.6366,182453,203312,172024
1,333,130,254.9035,63.5441,23,0.5571,0.4315,0.6469,178201,226344,153244
1,333,130,110.3156,67.3367,24,0.561,0.6365,0.4301,176307,153089,228392
1,333,130,136.6854,46.7518,25,0.6102,0.6408,0.5406,181925,170658,205205
1,333,130,179.96573,37.3717,26,0.6272,0.6082,0.5995,182050,187420,188320
1,333,130,223.2577,46.8026,27,0.6127,0.5283,0.6384,180839,204398,172551
1,333,130,249.5732,67.415,28,0.5617,0.4298,0.647,177083,226530,154176
1,333,130,115.8588,71.7842,29,0.5372,0.6146,0.4287,178232,153741,225816
1,333,130,141.5371,52.5042,30,0.6101,0.6416,0.5437,180467,171589,205733
1,333,130,179.97203,44.2045,31,0.6309,0.6145,0.6002,182236,186892,188661
1,333,130,218.4204,52.5555,32,0.6198,0.5402,0.6404,180063,204895,172831
1,333,130,244.0448,71.8635,33,0.5513,0.4231,0.6332,176990,225940,154859
1,333,130,121.0339,76.3037,34,0.5109,0.5703,0.4105,178076,156473,223240
1,333,130,145.6153,58.3232,35,0.6116,0.6428,0.5353,180342,172800,204647
1,333,130,180.000005,50.9155,36,0.6279,0.6011,0.6048,181615,187947,188227
1,333,130,214.3497,58.3627,37,0.621,0.532,0.6393,180404,204181,173203
1,333,130,238.8858,76.3673,38,0.5172,0.4041,0.581,177580,222619,157590
1,333,130,126.541,81.4167,39,0.4065,0.4337,0.3406,180094,163922,213772
1,333,130,149.5643,64.8729,40,0.6198,0.6357,0.547,180032,173141,204616
1,333,130,180.000005,58.3033,41,0.6386,0.6114,0.6135,180560,188071,189158
1,333,130,210.4317,64.8717,42,0.6123,0.5436,0.6386,180498,203716,173576
1,333,130,233.4556,81.4148,43,0.4065,0.3369,0.4513,181988,212065,163736
1,333,190,70.425,76.8492,0,0.3971,0.491,0.3393,165847,131051,195148
1,333,190,85.3915,52.8545,1,0.5877,0.6809,0.5122,164450,139990,187606
1,333,190,105.5788,28.4391,2,0.6425,0.6992,0.611,166281,151817,173948
1,333,190,180.000005,11.4294,3,0.6619,0.6708,0.6748,166561,162898,162588
1,333,190,254.415,28.4343,4,0.6393,0.6082,0.6952,166312,173172,152562
1,333,190,274.6048,52.8492,5,0.5849,0.5083,0.683,165226,186488,140332
1,333,190,289.571,76.8447,6,0.4012,0.3406,0.4997,166592,193317,132137
1,333,190,76.173,80.5559,7,0.3167,0.3744,0.2829,167026,137693,187326
1,333,190,92.6509,56.1569,8,0.5937,0.6909,0.5128,163581,139183,189282
1,333,190,116.5394,32.3797,9,0.6541,0.7091,0.6168,165567,151848,174631
1,333,190,180.000005,18.2432,10,0.6759,0.6821,0.6812,165785,162774,163488
1,333,190,243.393,32.407,11,0.6518,0.6163,0.7053,165878,173483,152686
1,333,190,267.2524,56.2034,12,0.5902,0.5092,0.6925,164171,187885,139990
1,333,190,283.709,80.6307,13,0.3183,0.2803,0.3852,167771,187078,137197
1,333,190,98.8891,59.5785,14,0.599,0.6982,0.5141,163643,138656,189748
1,333,190,124.6163,36.7119,15,0.6571,0.718,0.625,166312,151506,174228
1,333,190,180.000005,24.546,16,0.6822,0.6896,0.6881,165847,162712,163488
1,333,190,235.3146,36.7534,17,0.6599,0.619,0.7151,165598,174259,152189
1,333,190,260.9989,59.6425,18,0.6016,0.5108,0.7009,163301,188847,139897
1,333,190,104.9787,63.4725,19,0.6075,0.7031,0.5145,162588,138500,190958
1,333,190,131.4383,41.7413,20,0.6726,0.7208,0.6275,165102,152220,174724
1,333,190,180.000005,31.1691,21,0.6905,0.694,0.6948,165847,162898,163301
1,333,190,228.4937,41.7875,22,0.6647,0.6254,0.7222,165381,174259,152406
1,333,190,254.9035,63.5441,23,0.6045,0.5118,0.7112,163457,189499,139090
1,333,190,110.3156,67.3367,24,0.6003,0.6862,0.5047,161470,139214,191362
1,333,190,136.6854,46.7518,25,0.6751,0.7251,0.6291,164698,152003,175345
1,333,190,179.96573,37.3717,26,0.6972,0.6991,0.6976,165288,162991,163767
1,333,190,223.2577,46.8026,27,0.6724,0.627,0.7257,165102,174476,152468
1,333,190,249.5732,67.415,28,0.5968,0.5028,0.6988,163208,189530,139308
1,333,190,115.8588,71.7842,29,0.5692,0.6455,0.4823,162401,140580,189065
1,333,190,141.5371,52.5042,30,0.6798,0.7241,0.6302,163829,152375,175842
1,333,190,179.97203,44.2045,31,0.694,0.7007,0.7,165381,162960,163705
1,333,190,218.4204,52.5555,32,0.6762,0.6282,0.7282,164822,174786,152437
1,333,190,244.0448,71.8635,33,0.5684,0.4788,0.6557,163084,188102,140860
1,333,190,121.0339,76.3037,34,0.5079,0.565,0.4381,162681,143374,185992
1,333,190,145.6153,58.3232,35,0.6796,0.723,0.631,164046,152189,175811
1,333,190,180.000005,50.9155,36,0.7004,0.7005,0.6982,165102,162836,164108
1,333,190,214.3497,58.3627,37,0.6795,0.6275,0.7266,164171,174879,152996
1,333,190,238.8858,76.3673,38,0.5089,0.4335,0.5719,162774,185185,144088
1,333,190,126.541,81.4167,39,0.3425,0.3554,0.3217,165288,153803,172955
1,333,190,149.5643,64.8729,40,0.6677,0.7063,0.6232,164326,152779,174941
1,333,190,180.000005,58.3033,41,0.692,0.6938,0.6982,164947,163301,163798
1,333,190,210.4317,64.8717,42,0.6676,0.6182,0.7128,164419,174259,153369
1,333,190,233.4556,81.4148,43,0.3408,0.316,0.3688,166809,172551,152686
1,333,161,70.425,76.8492,0,0.4008,0.5183,0.3244,171775,130120,213804
1,333,161,85.3915,52.8545,1,0.5579,0.6564,0.4808,170968,144181,200549
1,333,161,105.5788,28.4391,2,0.6217,0.6721,0.5733,171993,158056,185650
1,333,161,180.000005,11.4294,3,0.6314,0.6419,0.6382,173483,170503,171713
1,333,161,254.415,28.4343,4,0.6156,0.5707,0.6704,172396,184781,158521
1,333,161,274.6048,52.8492,5,0.5579,0.4743,0.6583,170968,200053,144677
1,333,161,289.571,76.8447,6,0.403,0.3226,0.5315,172241,212872,130585
1,333,161,76.173,80.5559,7,0.3332,0.4167,0.2777,172334,134838,208527
1,333,161,92.6509,56.1569,8,0.5753,0.672,0.4809,169416,143808,202474
1,333,161,116.5394,32.3797,9,0.6261,0.6787,0.5844,171868,158676,185154
1,333,161,180.000005,18.2432,10,0.6425,0.6514,0.6493,173265,170689,171744
1,333,161,243.393,32.407,11,0.625,0.5808,0.6766,172489,184284,158925
1,333,161,267.2524,56.2034,12,0.5743,0.4748,0.6837,169944,202101,143653
1,333,161,283.709,80.6307,13,0.3356,0.2752,0.4302,173110,207875,134714
1,333,161,98.8891,59.5785,14,0.581,0.6731,0.4815,168423,143312,203964
1,333,161,124.6163,36.7119,15,0.6336,0.6864,0.5885,171744,158490,185464
1,333,161,180.000005,24.546,16,0.6557,0.6578,0.6559,172210,171155,172334
1,333,161,235.3146,36.7534,17,0.6352,0.5859,0.6847,172086,185092,158521
1,333,161,260.9989,59.6425,18,0.5764,0.478,0.683,169168,202815,143715
1,333,161,104.9787,63.4725,19,0.5869,0.6853,0.4862,168144,143312,204243
1,333,161,131.4383,41.7413,20,0.6496,0.695,0.5937,170844,158490,186364
1,333,161,180.000005,31.1691,21,0.6649,0.6626,0.6633,171868,171682,172148
1,333,161,228.4937,41.7875,22,0.6399,0.5881,0.6977,171279,185464,158956
1,333,161,254.9035,63.5441,23,0.5879,0.4764,0.6922,168082,203809,143808
1,333,161,110.3156,67.3367,24,0.5852,0.6754,0.4773,167430,143219,205050
1,333,161,136.6854,46.7518,25,0.6532,0.6947,0.5935,171124,158428,186147
1,333,161,179.96573,37.3717,26,0.6692,0.664,0.6625,170627,171993,173079
1,333,161,223.2577,46.8026,27,0.6478,0.5939,0.6935,170285,185712,159701
1,333,161,249.5732,67.415,28,0.5837,0.4723,0.685,168113,203498,144088
1,333,161,115.8588,71.7842,29,0.5636,0.6402,0.4618,167337,145143,203219
1,333,161,141.5371,52.5042,30,0.6571,0.6896,0.5966,169572,159701,186426
1,333,161,179.97203,44.2045,31,0.6709,0.6702,0.6613,170565,171806,173327
1,333,161,218.4204,52.5555,32,0.6543,0.5974,0.7029,170223,185402,160073
1,333,161,244.0448,71.8635,33,0.5631,0.4546,0.6558,168454,202350,144895
1,333,161,121.0339,76.3037,34,0.5167,0.5763,0.4312,167988,147875,199836
1,333,161,145.6153,58.3232,35,0.664,0.7005,0.5951,169137,159049,187513
1,333,161,180.000005,50.9155,36,0.6796,0.6646,0.6664,170472,172334,172893
1,333,161,214.3497,58.3627,37,0.6627,0.5946,0.6933,169447,186023,160228
1,333,161,238.8858,76.3673,38,0.5226,0.4212,0.5873,166902,200208,148588
1,333,161,126.541,81.4167,39,0.378,0.3963,0.3365,170161,157528,188009
1,333,161,149.5643,64.8729,40,0.6497,0.6773,0.5933,170130,159452,186116
1,333,161,180.000005,58.3033,41,0.6807,0.6627,0.6688,170161,172334,173203
1,333,161,210.4317,64.8717,42,0.6538,0.5872,0.6969,169509,185619,160570
1,333,161,233.4556,81.4148,43,0.381,0.3319,0.4063,169758,188071,157869
0,66.8,57,70.425,76.8492,0,0.5024,0.6761,0.3211,30528,22372,48616
0,66.8,57,85.3915,52.8545,1,0.6435,0.7781,0.477,32173,25926,43417
0,66.8,57,105.5788,28.4391,2,0.6759,0.7417,0.5748,33182,29659,38676
0,66.8,57,180.000005,11.4294,3,0.6936,0.6671,0.664,33166,34051,34299
0,66.8,57,254.415,28.4343,4,0.6769,0.5764,0.7361,33151,38389,29977
0,66.8,57,274.6048,52.8492,5,0.6526,0.4717,0.7754,31746,43541,26229
0,66.8,57,289.571,76.8447,6,0.522,0.3079,0.6929,29604,49835,22077
0,66.8,57,76.173,80.5559,7,0.4415,0.5682,0.2475,28246,21705,51565
0,66.8,57,92.6509,56.1569,8,0.6659,0.7763,0.4577,30668,25763,45086
0,66.8,57,116.5394,32.3797,9,0.6932,0.7411,0.5632,32297,29713,39506
0,66.8,57,180.000005,18.2432,10,0.7105,0.6614,0.6585,32398,34447,34672
0,66.8,57,243.393,32.407,11,0.6951,0.5644,0.7351,32258,39211,30047
0,66.8,57,267.2524,56.2034,12,0.6778,0.4521,0.7753,30280,45171,26066
0,66.8,57,283.709,80.6307,13,0.4518,0.2336,0.5782,28130,52411,20975
0,66.8,57,98.8891,59.5785,14,0.6861,0.7718,0.4409,29426,25608,46482
0,66.8,57,124.6163,36.7119,15,0.708,0.7396,0.5527,31529,29736,40251
0,66.8,57,180.000005,24.546,16,0.7246,0.6553,0.6526,31723,34796,34998
0,66.8,57,235.3146,36.7534,17,0.7107,0.5544,0.7324,31467,39941,30109
0,66.8,57,260.9989,59.6425,18,0.6996,0.4357,0.7741,29061,46560,25895
0,66.8,57,104.9787,63.4725,19,0.7046,0.7653,0.4233,28177,25445,47895
0,66.8,57,131.4383,41.7413,20,0.7219,0.7361,0.5418,30761,29767,40988
0,66.8,57,180.000005,31.1691,21,0.738,0.6477,0.6452,31056,35137,35324
0,66.8,57,228.4937,41.7875,22,0.7258,0.5436,0.7288,30691,40655,30171
0,66.8,57,254.9035,63.5441,23,0.7182,0.4184,0.7703,27897,47926,25693
0,66.8,57,110.3156,67.3367,24,0.7083,0.7495,0.4005,27098,25142,49276
0,66.8,57,136.6854,46.7518,25,0.7334,0.7301,0.5317,30070,29798,41648
0,66.8,57,179.96573,37.3717,26,0.7477,0.6393,0.6364,30419,35440,35657
0,66.8,57,223.2577,46.8026,27,0.7368,0.5335,0.724,30008,41291,30217
0,66.8,57,249.5732,67.415,28,0.7215,0.3947,0.7582,26850,49361,25305
0,66.8,57,115.8588,71.7842,29,0.693,0.7139,0.3733,26237,24995,50285
0,66.8,57,141.5371,52.5042,30,0.7427,0.7214,0.5197,29372,29837,42308
0,66.8,57,179.97203,44.2045,31,0.7612,0.6283,0.6251,29767,35758,35991
0,66.8,57,218.4204,52.5555,32,0.7478,0.5219,0.7163,29286,41943,30287
0,66.8,57,244.0448,71.8635,33,0.7027,0.3678,0.7258,26128,50362,25026
0,66.8,57,121.0339,76.3037,34,0.6356,0.6459,0.3425,26159,25267,50091
0,66.8,57,145.6153,58.3232,35,0.7492,0.71,0.5071,28689,29907,42921
0,66.8,57,180.000005,50.9155,36,0.7658,0.6154,0.6128,29154,36061,36301
0,66.8,57,214.3497,58.3627,37,0.7559,0.5084,0.707,28619,42540,30357
0,66.8,57,238.8858,76.3673,38,0.6406,0.3382,0.6609,26244,50114,25158
0,66.8,57,126.541,81.4167,39,0.4715,0.4705,0.2791,27253,26795,47468
0,66.8,57,149.5643,64.8729,40,0.7525,0.6851,0.4873,27796,30109,43611
0,66.8,57,180.000005,58.3033,41,0.77,0.597,0.5983,28526,36387,36604
0,66.8,57,210.4317,64.8717,42,0.7596,0.488,0.6874,27750,43215,30551
0,66.8,57,233.4556,81.4148,43,0.4745,0.2779,0.4897,27610,47491,26415
0,66.8,85,70.425,76.8492,0,0.4458,0.6018,0.3211,31195,22527,43262
0,66.8,85,85.3915,52.8545,1,0.7006,0.7965,0.4958,29806,25360,41819
0,66.8,85,105.5788,28.4391,2,0.748,0.7662,0.5973,30543,28890,37551
0,66.8,85,180.000005,11.4294,3,0.7669,0.6955,0.6889,30660,32996,33329
0,66.8,85,254.415,28.4343,4,0.751,0.6034,0.7575,30497,37155,29333
0,66.8,85,274.6048,52.8492,5,0.7084,0.4998,0.7931,29721,41469,25794
0,66.8,85,289.571,76.8447,6,0.4567,0.3194,0.6216,31063,43526,22395
0,66.8,85,76.173,80.5559,7,0.3104,0.4465,0.2459,32926,22364,41694
0,66.8,85,92.6509,56.1569,8,0.719,0.7931,0.4777,28696,25166,43122
0,66.8,85,116.5394,32.3797,9,0.764,0.7638,0.5843,29822,28898,38265
0,66.8,85,180.000005,18.2432,10,0.7813,0.6888,0.6827,30054,33306,33624
0,66.8,85,243.393,32.407,11,0.7663,0.591,0.7549,29822,37807,29356
0,66.8,85,267.2524,56.2034,12,0.7283,0.4812,0.792,28681,42680,25624
0,66.8,85,283.709,80.6307,13,0.3127,0.2447,0.4685,33376,41834,21775
0,66.8,85,98.8891,59.5785,14,0.733,0.7872,0.4632,27827,25018,44139
0,66.8,85,124.6163,36.7119,15,0.7764,0.7603,0.5733,29201,28906,38878
0,66.8,85,180.000005,24.546,16,0.7931,0.6811,0.676,29504,33593,33888
0,66.8,85,235.3146,36.7534,17,0.7783,0.5805,0.7506,29209,38381,29395
0,66.8,85,260.9989,59.6425,18,0.7443,0.4664,0.7888,27781,43697,25507
0,66.8,85,104.9787,63.4725,19,0.7451,0.7784,0.4489,27020,24910,45055
0,66.8,85,131.4383,41.7413,20,0.7862,0.7552,0.5623,28611,28922,39452
0,66.8,85,180.000005,31.1691,21,0.8037,0.6715,0.6673,28953,33896,34136
0,66.8,85,228.4937,41.7875,22,0.7886,0.5706,0.7445,28642,38909,29434
0,66.8,85,254.9035,63.5441,23,0.7562,0.4519,0.7802,26997,44535,25453
0,66.8,85,110.3156,67.3367,24,0.7112,0.7502,0.4274,27013,24646,45326
0,66.8,85,136.6854,46.7518,25,0.793,0.7465,0.5522,28107,28937,39941
0,66.8,85,179.96573,37.3717,26,0.8111,0.6613,0.6582,28464,34167,34354
0,66.8,85,223.2577,46.8026,27,0.7961,0.5603,0.7361,28138,39359,29488
0,66.8,85,249.5732,67.415,28,0.7242,0.4292,0.7583,26950,44946,25088
0,66.8,85,115.8588,71.7842,29,0.6437,0.6923,0.3979,27478,24591,44915
0,66.8,85,141.5371,52.5042,30,0.7965,0.7358,0.5397,27579,28976,40430
0,66.8,85,179.97203,44.2045,31,0.8172,0.6487,0.6455,27959,34408,34617
0,66.8,85,218.4204,52.5555,32,0.8015,0.5485,0.7263,27626,39793,29566
0,66.8,85,244.0448,71.8635,33,0.6551,0.3985,0.7039,27455,44604,24925
0,66.8,85,121.0339,76.3037,34,0.5461,0.5844,0.3522,27967,25197,43821
0,66.8,85,145.6153,58.3232,35,0.7977,0.7198,0.5271,27090,29046,40849
0,66.8,85,180.000005,50.9155,36,0.8183,0.6343,0.6313,27486,34633,34866
0,66.8,85,214.3497,58.3627,37,0.8009,0.5353,0.714,27168,40158,29659
0,66.8,85,238.8858,76.3673,38,0.551,0.3522,0.5987,28146,43487,25352
0,66.8,85,126.541,81.4167,39,0.2804,0.3636,0.2711,34625,25887,36472
0,66.8,85,149.5643,64.8729,40,0.7814,0.6851,0.5062,26702,29232,41050
0,66.8,85,180.000005,58.3033,41,0.8151,0.6172,0.6136,27005,34842,35137
0,66.8,85,210.4317,64.8717,42,0.7867,0.5136,0.6865,26733,40399,29853
0,66.8,85,233.4556,81.4148,43,0.2847,0.2662,0.3913,35067,36914,25003
0,66.8,71,70.425,76.8492,0,0.4619,0.6467,0.3393,32165,22760,44581
0,66.8,71,85.3915,52.8545,1,0.6862,0.7888,0.4954,30567,26128,42812
0,66.8,71,105.5788,28.4391,2,0.7326,0.7524,0.5863,31032,29767,38707
0,66.8,71,180.000005,11.4294,3,0.7487,0.6791,0.6757,31102,34082,34322
0,66.8,71,254.415,28.4343,4,0.7332,0.5889,0.7461,31017,38404,30086
0,66.8,71,274.6048,52.8492,5,0.69,0.4946,0.7865,30520,42571,26415
0,66.8,71,289.571,76.8447,6,0.4725,0.3329,0.6635,31863,45024,22620
0,66.8,71,76.173,80.5559,7,0.3473,0.5202,0.2634,33011,21891,44604
0,66.8,71,92.6509,56.1569,8,0.7048,0.7847,0.4756,29364,25934,44209
0,66.8,71,116.5394,32.3797,9,0.7497,0.7488,0.5721,30171,29798,39537
0,66.8,71,180.000005,18.2432,10,0.7648,0.6709,0.6672,30357,34454,34695
0,66.8,71,243.393,32.407,11,0.7499,0.575,0.7421,30179,39188,30140
0,66.8,71,267.2524,56.2034,12,0.7128,0.4742,0.7845,29263,43991,26252
0,66.8,71,283.709,80.6307,13,0.3526,0.2555,0.5371,32871,45218,21418
0,66.8,71,98.8891,59.5785,14,0.7212,0.7775,0.4579,28293,25786,45427
0,66.8,71,124.6163,36.7119,15,0.7639,0.7442,0.5596,29426,29822,40259
0,66.8,71,180.000005,24.546,16,0.7783,0.6622,0.6591,29698,34796,35013
0,66.8,71,235.3146,36.7534,17,0.764,0.5631,0.7362,29449,39855,30202
0,66.8,71,260.9989,59.6425,18,0.7314,0.4567,0.7796,28192,45194,26120
0,66.8,71,104.9787,63.4725,19,0.7361,0.7671,0.4418,27269,25662,46576
0,66.8,71,131.4383,41.7413,20,0.7745,0.7375,0.5472,28735,29837,40934
0,66.8,71,180.000005,31.1691,21,0.7909,0.6518,0.649,29015,35153,35339
0,66.8,71,228.4937,41.7875,22,0.7754,0.5514,0.7297,28774,40476,30256
0,66.8,71,254.9035,63.5441,23,0.745,0.4404,0.7727,27230,46257,26019
0,66.8,71,110.3156,67.3367,24,0.721,0.747,0.4184,26764,25305,47437
0,66.8,71,136.6854,46.7518,25,0.7833,0.7298,0.5357,28122,29860,41524
0,66.8,71,179.96573,37.3717,26,0.8004,0.642,0.6381,28433,35424,35649
0,66.8,71,223.2577,46.8026,27,0.7845,0.5399,0.7214,28177,41027,30303
0,66.8,71,249.5732,67.415,28,0.7309,0.4172,0.7555,26733,47142,25631
0,66.8,71,115.8588,71.7842,29,0.6745,0.7042,0.3879,26640,24995,47871
0,66.8,71,141.5371,52.5042,30,0.7885,0.7182,0.5223,27494,29892,42121
0,66.8,71,179.97203,44.2045,31,0.8078,0.6287,0.6245,27820,35704,35983
0,66.8,71,218.4204,52.5555,32,0.7915,0.527,0.7104,27556,41586,30365
0,66.8,71,244.0448,71.8635,33,0.6835,0.3867,0.7155,26687,47546,25274
0,66.8,71,121.0339,76.3037,34,0.5857,0.6172,0.3458,27067,25127,47313
0,66.8,71,145.6153,58.3232,35,0.7909,0.7025,0.5083,26927,29938,42641
0,66.8,71,180.000005,50.9155,36,0.811,0.6136,0.61,27261,35960,36286
0,66.8,71,214.3497,58.3627,37,0.7947,0.5126,0.6985,26982,42082,30442
0,66.8,71,238.8858,76.3673,38,0.5916,0.3448,0.6315,27245,46956,25305
0,66.8,71,126.541,81.4167,39,0.3507,0.4327,0.2635,31312,24871,43324
0,66.8,71,149.5643,64.8729,40,0.7836,0.6748,0.4867,26260,30062,43184
0,66.8,71,180.000005,58.3033,41,0.8098,0.5947,0.5922,26671,36247,36588
0,66.8,71,210.4317,64.8717,42,0.7876,0.4888,0.6757,26322,42633,30551
0,66.8,71,233.4556,81.4148,43,0.3565,0.2623,0.4556,31614,43340,24553
0,828,157,70.425,76.8492,0,0.428,0.573,0.305,508296,366171,724311
0,828,157,85.3915,52.8545,1,0.539,0.6163,0.394,495445,418691,684642
0,828,157,105.5788,28.4391,2,0.5544,0.5823,0.4662,510391,476448,611938
0,828,157,180.000005,11.4294,3,0.5645,0.5317,0.5274,512416,540771,545590
0,828,157,254.415,28.4343,4,0.5553,0.4675,0.5761,509343,607818,481617
0,828,157,274.6048,52.8492,5,0.5415,0.3919,0.6125,493280,682686,422811
0,828,157,289.571,76.8447,6,0.4343,0.3014,0.5817,504315,726266,368196
0,828,157,76.173,80.5559,7,0.3946,0.508,0.2512,475122,358628,765027
0,828,157,92.6509,56.1569,8,0.5607,0.6138,0.374,469115,414780,714882
0,828,157,116.5394,32.3797,9,0.5709,0.582,0.4527,494328,476309,628141
0,828,157,180.000005,18.2432,10,0.5759,0.5243,0.52,498867,547615,552295
0,828,157,243.393,32.407,11,0.5711,0.454,0.575,493140,624160,481477
0,828,157,267.2524,56.2034,12,0.5645,0.371,0.6078,466601,713416,418761
0,828,157,283.709,80.6307,13,0.4031,0.2443,0.5132,467090,774386,357301
0,828,157,98.8891,59.5785,14,0.5765,0.6112,0.3549,446976,408774,743028
0,828,157,124.6163,36.7119,15,0.5816,0.5814,0.4403,479871,475471,643436
0,828,157,180.000005,24.546,16,0.5847,0.517,0.5127,486785,553692,558301
0,828,157,235.3146,36.7534,17,0.5826,0.4412,0.5743,478544,639595,480639
0,828,157,260.9989,59.6425,18,0.5795,0.3502,0.6071,442925,743936,411916
0,828,157,104.9787,63.4725,19,0.5948,0.608,0.3317,420996,399555,778227
0,828,157,131.4383,41.7413,20,0.5922,0.5787,0.4261,464855,474214,659709
0,828,157,180.000005,31.1691,21,0.5952,0.5081,0.5037,474074,560117,564587
0,828,157,228.4937,41.7875,22,0.5959,0.4273,0.5717,463388,655867,479521
0,828,157,254.9035,63.5441,23,0.6006,0.3249,0.6051,416107,781091,401580
0,828,157,110.3156,67.3367,24,0.5981,0.6039,0.3064,403955,386425,808398
0,828,157,136.6854,46.7518,25,0.6022,0.5705,0.4127,451097,472956,674724
0,828,157,179.96573,37.3717,26,0.6052,0.4986,0.4945,461922,566193,570663
0,828,157,223.2577,46.8026,27,0.6094,0.4138,0.5674,449351,670953,478474
0,828,157,249.5732,67.415,28,0.5869,0.3033,0.6075,419808,798132,380838
0,828,157,115.8588,71.7842,29,0.5546,0.5972,0.2879,426653,363727,808398
0,828,157,141.5371,52.5042,30,0.617,0.5627,0.3981,436430,471560,690787
0,828,157,179.97203,44.2045,31,0.6096,0.4869,0.4821,449211,572688,576878
0,828,157,218.4204,52.5555,32,0.6157,0.398,0.5615,434824,686876,477077
0,828,157,244.0448,71.8635,33,0.5434,0.2848,0.607,440411,798132,360235
0,828,157,121.0339,76.3037,34,0.5122,0.5623,0.2661,434405,355974,808398
0,828,157,145.6153,58.3232,35,0.6178,0.5582,0.3829,422602,470442,705733
0,828,157,180.000005,50.9155,36,0.6221,0.4735,0.4691,436570,579253,582954
0,828,157,214.3497,58.3627,37,0.6219,0.382,0.5542,421205,701962,475610
0,828,157,238.8858,76.3673,38,0.5019,0.2635,0.5707,447814,798132,352832
0,828,157,126.541,81.4167,39,0.4244,0.4692,0.2259,427491,362889,808398
0,828,157,149.5643,64.8729,40,0.6218,0.5426,0.3637,407237,469814,721727
0,828,157,180.000005,58.3033,41,0.6279,0.4562,0.4566,423370,586516,588891
0,828,157,210.4317,64.8717,42,0.628,0.3623,0.5414,406469,718514,473795
0,828,157,233.4556,81.4148,43,0.4164,0.2249,0.4794,443903,798132,356743
0,828,235,70.425,76.8492,0,0.4542,0.5551,0.2738,396412,312324,660477
0,828,235,85.3915,52.8545,1,0.585,0.7162,0.4376,436290,346127,586796
0,828,235,105.5788,28.4391,2,0.5995,0.6914,0.5402,460874,394806,513534
0,828,235,180.000005,11.4294,3,0.6134,0.627,0.6221,462690,451516,455008
0,828,235,254.415,28.4343,4,0.6055,0.5414,0.683,457941,511229,400044
0,828,235,274.6048,52.8492,5,0.5924,0.4327,0.7104,430145,589380,349689
0,828,235,289.571,76.8447,6,0.4632,0.2688,0.5674,427560,642458,299195
0,828,235,76.173,80.5559,7,0.3526,0.4533,0.2142,412056,296680,660477
0,828,235,92.6509,56.1569,8,0.6046,0.7152,0.4181,416386,342984,609843
0,828,235,116.5394,32.3797,9,0.6158,0.6913,0.5285,448233,395574,525406
0,828,235,180.000005,18.2432,10,0.629,0.6211,0.6169,451446,457382,460385
0,828,235,243.393,32.407,11,0.6213,0.5294,0.6826,445160,523102,400951
0,828,235,267.2524,56.2034,12,0.6177,0.4093,0.7103,408005,615779,345429
0,828,235,283.709,80.6307,13,0.3457,0.2089,0.484,458081,642458,268674
0,828,235,98.8891,59.5785,14,0.6231,0.7119,0.3983,397040,339073,633100
0,828,235,124.6163,36.7119,15,0.6301,0.6892,0.5183,436919,396272,536022
0,828,235,180.000005,24.546,16,0.6424,0.6142,0.6111,441319,462690,465204
0,828,235,235.3146,36.7534,17,0.6366,0.5196,0.6809,434056,533508,401650
0,828,235,260.9989,59.6425,18,0.648,0.3847,0.6942,381326,642458,345429
0,828,235,104.9787,63.4725,19,0.6493,0.6957,0.3735,371688,337048,660477
0,828,235,131.4383,41.7413,20,0.6438,0.6855,0.507,425326,397180,546708
0,828,235,180.000005,31.1691,21,0.6552,0.6067,0.6032,431332,467579,470303
0,828,235,228.4937,41.7875,22,0.6501,0.5082,0.6776,422951,543774,402488
0,828,235,254.9035,63.5441,23,0.6601,0.3717,0.6871,390406,642458,336349
0,828,235,110.3156,67.3367,24,0.6415,0.6696,0.3566,376368,332369,660477
0,828,235,136.6854,46.7518,25,0.6557,0.6786,0.4966,415129,398158,555926
0,828,235,179.96573,37.3717,26,0.6649,0.5987,0.5945,422462,471909,474842
0,828,235,223.2577,46.8026,27,0.6611,0.4973,0.6718,412894,552993,403326
0,828,235,249.5732,67.415,28,0.65,0.3547,0.674,399205,642458,327550
0,828,235,115.8588,71.7842,29,0.6122,0.6335,0.3344,379580,329156,660477
0,828,235,141.5371,52.5042,30,0.6658,0.668,0.4843,404513,399275,565425
0,828,235,179.97203,44.2045,31,0.6763,0.5867,0.5838,412964,476658,479591
0,828,235,218.4204,52.5555,32,0.6713,0.4849,0.6625,402558,562282,404374
0,828,235,244.0448,71.8635,33,0.5966,0.3323,0.644,405142,642458,321613
0,828,235,121.0339,76.3037,34,0.5279,0.5596,0.3054,368057,340680,660477
0,828,235,145.6153,58.3232,35,0.6727,0.6562,0.4712,394666,400602,573945
0,828,235,180.000005,50.9155,36,0.6819,0.5737,0.5715,404164,481407,483642
0,828,235,214.3497,58.3627,37,0.6781,0.472,0.6531,393269,570453,405491
0,828,235,238.8858,76.3673,38,0.5169,0.3032,0.5724,397390,642458,329365
0,828,235,126.541,81.4167,39,0.396,0.3553,0.2563,367568,406050,595596
0,828,235,149.5643,64.8729,40,0.6737,0.6328,0.4528,382793,404024,582396
0,828,235,180.000005,58.3033,41,0.6873,0.556,0.5582,394806,486645,487763
0,828,235,210.4317,64.8717,42,0.6783,0.4513,0.6337,381885,578904,408424
0,828,235,233.4556,81.4148,43,0.3973,0.2529,0.3708,372317,599437,397459
0,828,196,70.425,76.8492,0,0.4343,0.5818,0.3222,478753,346406,657544
0,828,196,85.3915,52.8545,1,0.591,0.6576,0.4254,451585,393898,637220
0,828,196,105.5788,28.4391,2,0.6288,0.6187,0.4968,454728,450678,577297
0,828,196,180.000005,11.4294,3,0.6417,0.565,0.5618,455147,512276,515280
0,828,196,254.415,28.4343,4,0.6296,0.4975,0.6138,454239,574155,454309
0,828,196,274.6048,52.8492,5,0.5935,0.4224,0.6551,449909,636522,396272
0,828,196,289.571,76.8447,6,0.4421,0.3169,0.5911,474982,661594,346127
0,828,196,76.173,80.5559,7,0.3693,0.4822,0.2635,465623,347175,669905
0,828,196,92.6509,56.1569,8,0.6168,0.6537,0.4045,427630,391174,663899
0,828,196,116.5394,32.3797,9,0.644,0.6145,0.4834,440271,451585,590846
0,828,196,180.000005,18.2432,10,0.6555,0.556,0.5533,442646,518632,521425
0,828,196,243.393,32.407,11,0.6456,0.4839,0.6087,439713,587494,455496
0,828,196,267.2524,56.2034,12,0.621,0.4015,0.6516,425884,662991,393828
0,828,196,283.709,80.6307,13,0.3758,0.2577,0.4883,461573,675842,345289
0,828,196,98.8891,59.5785,14,0.6354,0.6469,0.387,407656,388660,686388
0,828,196,124.6163,36.7119,15,0.6577,0.6097,0.471,427770,451865,603068
0,828,196,180.000005,24.546,16,0.6663,0.5478,0.5445,431611,524010,527082
0,828,196,235.3146,36.7534,17,0.6578,0.4714,0.6055,427281,599576,455846
0,828,196,260.9989,59.6425,18,0.641,0.3837,0.6469,406329,685061,391314
0,828,196,104.9787,63.4725,19,0.6502,0.6381,0.3697,389707,385098,707898
0,828,196,131.4383,41.7413,20,0.6685,0.6046,0.4573,415338,451585,615779
0,828,196,180.000005,31.1691,21,0.6766,0.5382,0.5343,420576,529457,532670
0,828,196,228.4937,41.7875,22,0.6699,0.4577,0.5981,414780,612287,455636
0,828,196,254.9035,63.5441,23,0.6566,0.3663,0.6408,388729,706362,387612
0,828,196,110.3156,67.3367,24,0.6469,0.623,0.3502,377276,380069,725358
0,828,196,136.6854,46.7518,25,0.6782,0.5963,0.4442,404024,451097,627582
0,828,196,179.96573,37.3717,26,0.6857,0.5271,0.5241,410520,534346,537838
0,828,196,223.2577,46.8026,27,0.6802,0.4449,0.5924,403536,623671,455496
0,828,196,249.5732,67.415,28,0.6543,0.3457,0.627,375949,724730,382025
0,828,196,115.8588,71.7842,29,0.6278,0.5957,0.3246,366660,373923,742120
0,828,196,141.5371,52.5042,30,0.6869,0.59,0.4294,392082,450747,639874
0,828,196,179.97203,44.2045,31,0.6909,0.5149,0.5119,400253,539444,543006
0,828,196,218.4204,52.5555,32,0.6896,0.4302,0.5843,391802,635614,455287
0,828,196,244.0448,71.8635,33,0.6349,0.3194,0.6016,365473,741840,375390
0,828,196,121.0339,76.3037,34,0.5706,0.5473,0.2951,368057,370990,743656
0,828,196,145.6153,58.3232,35,0.6924,0.5757,0.4147,381047,450468,651188
0,828,196,180.000005,50.9155,36,0.6955,0.5004,0.4975,390615,544403,547685
0,828,196,214.3497,58.3627,37,0.6965,0.4152,0.5716,380768,646649,455287
0,828,196,238.8858,76.3673,38,0.5764,0.2911,0.5516,367568,743028,372108
0,828,196,126.541,81.4167,39,0.4019,0.4204,0.2443,406120,376228,700356
0,828,196,149.5643,64.8729,40,0.692,0.5569,0.3953,368895,451166,662642
0,828,196,180.000005,58.3033,41,0.6988,0.4829,0.4825,380349,549990,552365
0,828,196,210.4317,64.8717,42,0.6975,0.3947,0.559,368825,657753,456125
0,828,196,233.4556,81.4148,43,0.4076,0.244,0.4267,406958,697771,377974
